source,ros_time_ns,trial,seed,object_x,object_y,object_z,pregrasp_x,pregrasp_y,pregrasp_z,qx,qy,qz,qw,shoulder_pan_joint,shoulder_lift_joint,elbow_joint,wrist_1_joint,wrist_2_joint,wrist_3_joint,transport_dx,transport_dy
send_goal,1785739322278356906,,,0.62,0.0,0.05,0.485,0.0,0.11,0.5,0.5,0.5,0.5,-0.6107706804099892,-1.2276707966449478,2.2950690807531453,-1.062219217811411,0.9512595784999714,0.0037786106499904165,-0.009951205142574535,0.0691199162742455
send_goal,1785739383952721875,,,0.62,0.0,0.05,0.485,0.0,0.11,0.5,0.5,0.5,0.5,-0.6153264296755969,-1.2422139167909434,2.2904167540850198,-1.054569119145262,0.9517724308962526,0.0045772653029153105,0.015557267807653197,-0.08192129966702281
send_goal,1785746705429851539,,,0.62,0.0,0.05,0.485,0.0,0.11,0.5,0.5,0.5,0.5,-0.619783902519223,-1.2412751056922102,2.283137129272337,-1.0580967486297586,0.951494392680073,0.007283705899988208,-0.015878616814308653,-0.07407085109462365
send_goal,1785748909343942583,,,0.62,0.0,0.05,0.485,0.0,0.11,0.5,0.5,0.5,0.5,-0.6095163107946874,-1.2438186917509317,2.2894833442510243,-1.0541136301990046,0.9440727792312409,0.00590000387107803,-0.014199548595406838,-0.08317703445161256
send_goal,1785749610920007772,,,0.62,0.0,0.05,0.485,0.0,0.11,0.5,0.5,0.5,0.5,-0.6106702313225357,-1.2425998803735772,2.2938480586358376,-1.069648878083805,0.9505619836050199,0.009954755235498746,-0.016597629220564458,-0.06179634844896649
send_goal,1785813536778421643,,,0.62,0.0,0.05,0.485,0.0,0.11,0.5,0.5,0.5,0.5,-0.6099114598680018,-1.2321189624002062,2.296072470741626,-1.0566048624953124,0.9456223784713629,-0.006952186476808771,-0.01374981114330184,0.09427125587137548
random_test,,2,23,0.5984046349333587,-0.014497798803369995,0.05,0.44345010491781744,-0.010743650742524419,0.11,0.5060188509507259,0.4939078076751846,0.4939078076751846,0.5060188509507259,-0.8120862708979817,-1.3902620054145292,2.535452877191638,-1.168441710416547,0.771065937739823,-0.003362771271864278,-0.0056768062322429015,-0.07069527758496212
random_test,,5,23,0.5834532717789531,0.03397228273926049,0.05,0.42871535331541677,0.024962477548692494,0.11,0.485250508649136,0.514326689814708,0.514326689814708,0.485250508649136,-0.8177048101831615,-1.4386217452007672,2.6285549268729613,-1.1845496463116754,0.6965091505531014,0.0021078404395769613,0.003564939310880196,-0.08483965820552268
random_test,,6,23,0.6382441136547374,-0.016464897782626983,0.05,0.4832956637467345,-0.0124676648513228,0.11,0.506406111623073,0.4935107396103956,0.4935107396103956,0.506406111623073,-0.6439656234523882,-1.247360611012973,2.2947422516261438,-1.0608528323656656,0.937030747219171,-0.0010378084781081742,0.010391464489741237,0.09874246256710494
random_test,,7,23,0.5968764379593128,0.05695505647157828,0.05,0.442577318359865,0.04223154836938642,0.11,0.4756599691867998,0.5232089388697528,0.5232089388697528,0.4756599691867998,-0.685696467604314,-1.3859137025673565,2.539760073110372,-1.1527890720574439,0.7767762920966462,-0.003350856491080552,0.0029194236057210297,0.06710526964602291
random_test,,8,23,0.6089850510316832,0.03497887412975867,0.05,0.45424010208442944,0.02609063609785283,0.11,0.48545250252378297,0.5141360401619366,0.5141360401619366,0.48545250252378297,-0.6674980654824649,-1.3470303980154341,2.4670043786487206,-1.128591006300589,0.8392164648183468,-0.0050604347354843825,0.00702897090982749,-0.06728116863936356
random_test,,9,23,0.5907123970390499,-0.021190518134800794,0.05,0.4358120324631751,-0.015633805594001786,0.11,0.508883522608007,0.4909557621803273,0.4909557621803273,0.508883522608007,-0.8673819862025327,-1.4205718439480275,2.5808841052347207,-1.172343287931585,0.7334009207543799,-0.0032800626419406754,0.012634939706345657,-0.08329191598722374
random_test,,10,23,0.5849396281385142,-0.008862906361580054,0.05,0.42995741736909954,-0.006514642103726219,0.11,0.503773285314474,0.49619802196649426,0.49619802196649426,0.503773285314474,-0.8790866169669896,-1.4507192960159099,2.6346129040123945,-1.192840287118551,0.6866979332079982,0.003755592439126197,0.0027204043494357018,0.09282652723490098
random_test,,1,23,0.6354919150975568,0.053832693359181255,0.05,0.5009736923229107,0.04243761803908393,0.11,0.4784328674605105,0.5206745541444421,0.5206745541444421,0.4784328674605105,-0.4815766469690854,-1.18049973952233,2.18385768833296,-1.007880283572063,0.9972418183723857,-0.0037973985179467194,0.015697333761943173,-0.060683064041145804
random_test,,2,23,0.5984046349333587,-0.014497798803369995,0.05,0.4634442378230486,-0.011228056943923849,0.11,0.5060188509507259,0.4939078076751846,0.4939078076751846,0.5060188509507259,-0.719796993627282,-1.3148387792332876,2.416858428561328,-1.1064079907955822,0.8649030370184092,0.005251471026297466,-0.0056768062322429015,-0.07069527758496212
random_test,,3,23,0.5808445579801674,0.014419265498250372,0.05,0.4458861365480977,0.01106896930778452,0.11,0.49375676987301514,0.5061662298144419,0.5061662298144419,0.49375676987301514,-0.7485550019108255,-1.3782119980076726,2.5332760908930667,-1.149493761471834,0.7842280485300313,0.006696638418410382,0.0160663199498555,-0.06343096345105005
random_test,,4,23,0.6226004920146946,-0.009450196606296708,0.05,0.48761604062241254,-0.00740132317813363,0.11,0.5037799222400133,0.49619128362743953,0.49619128362743953,0.5037799222400133,-0.6178934901119117,-1.2265550853340856,2.2684960665350777,-1.0564643230618842,0.9509996937299215,0.003850332245947568,0.0005053569756942392,0.07435985439144799
random_test,,5,23,0.5834532717789531,0.03397228273926049,0.05,0.4486815363429698,0.026125033057152882,0.11,0.485250508649136,0.514326689814708,0.514326689814708,0.485250508649136,-0.6990993087836526,-1.3676093291622669,2.509490058651999,-1.1446431268391466,0.8077513339605947,-0.00315972647124125,0.003564939310880196,-0.08483965820552268
random_test,,6,23,0.6382441136547374,-0.016464897782626983,0.05,0.5032890121219606,-0.012983436842458824,0.11,0.506406111623073,0.4935107396103956,0.4935107396103956,0.506406111623073,-0.5845776791539296,-1.1821953589677887,2.182316390967239,-1.0038077720957728,1.0068140960033678,-0.005123462349403087,0.010391464489741237,0.09874246256710494
random_test,,7,23,0.5968764379593128,0.05695505647157828,0.05,0.4624868821791486,0.044131355866443435,0.11,0.4756599691867998,0.5232089388697528,0.5232089388697528,0.4756599691867998,-0.5876913027685534,-1.3044397908733814,2.416248435723615,-1.10514478290544,0.8694521886024711,-0.0005512442759962893,0.0029194236057210297,0.06710526964602291
random_test,,8,23,0.6089850510316832,0.03497887412975867,0.05,0.47420719227117186,0.02723750552132455,0.11,0.48545250252378297,0.5141360401619366,0.5141360401619366,0.48545250252378297,-0.6006193020276323,-1.2747403433201434,2.350415772119379,-1.0780456377128853,0.9099564164480665,0.009023512818028536,0.00702897090982749,-0.06728116863936356
random_test,,9,23,0.5907123970390499,-0.021190518134800794,0.05,0.455799176279417,-0.0163508007605565,0.11,0.508883522608007,0.4909557621803273,0.4909557621803273,0.508883522608007,-0.7541126883464755,-1.3440911716005164,2.4697276685185123,-1.1228037765913448,0.8464134173709318,0.006527328640643342,0.012634939706345657,-0.08329191598722374
random_test,,10,23,0.5849396281385142,-0.008862906361580054,0.05,0.4499551219845079,-0.006817643943449294,0.11,0.503773285314474,0.49619802196649426,0.49619802196649426,0.503773285314474,-0.7655338919655795,-1.3541094099043949,2.496217117573436,-1.1388280080007631,0.8090907671701867,0.004630354469721481,0.0027204043494357018,0.09282652723490098
random_test,,2,23,0.5984046349333587,-0.014497798803369995,0.05,0.4634442378230486,-0.011228056943923849,0.11,0.5060188509507259,0.4939078076751846,0.4939078076751846,0.5060188509507259,-0.7114831696952193,-1.3140979415025056,2.4163801903125086,-1.1238364718546174,0.8634840740266153,0.0033647524553357265,-0.0056768062322429015,-0.07069527758496212
random_test,,4,23,0.6226004920146946,-0.009450196606296708,0.05,0.48761604062241254,-0.00740132317813363,0.11,0.5037799222400133,0.49619128362743953,0.49619128362743953,0.5037799222400133,-0.6204271709581808,-1.231262255289235,2.2694204941449696,-1.0490281723295558,0.9516790212837232,0.0023833870432797507,0.0005053569756942392,0.07435985439144799
random_test,,5,23,0.5834532717789531,0.03397228273926049,0.05,0.4486815363429698,0.026125033057152882,0.11,0.485250508649136,0.514326689814708,0.514326689814708,0.485250508649136,-0.699430657460102,-1.3609228105866011,2.4999029915153264,-1.1434379076373264,0.8022553530649441,0.008506263923963534,0.003564939310880196,-0.08483965820552268
random_test,,7,23,0.5968764379593128,0.05695505647157828,0.05,0.4624868821791486,0.044131355866443435,0.11,0.4756599691867998,0.5232089388697528,0.5232089388697528,0.4756599691867998,-0.5891374715567994,-1.3102973462450143,2.4196695553506262,-1.1066244119929647,0.8691095930561428,0.007556782127766459,0.0029194236057210297,0.06710526964602291
random_test,,1,23,0.6354919150975568,0.053832693359181255,0.05,0.5009736923229107,0.04243761803908393,0.11,0.4784328674605105,0.5206745541444421,0.5206745541444421,0.4784328674605105,-0.47565216384631065,-1.1865747070588875,2.1820514131378244,-1.0184169456337044,0.9913033740823854,-0.004132376988330712,0.015697333761943173,-0.060683064041145804
random_test,,3,23,0.5808445579801674,0.014419265498250372,0.05,0.4458861365480977,0.01106896930778452,0.11,0.49375676987301514,0.5061662298144419,0.5061662298144419,0.49375676987301514,-0.7403679453646699,-1.3792423061736525,2.5271882198875093,-1.1558829599643705,0.7851153161781326,-0.001109228702807016,0.0160663199498555,-0.06343096345105005
random_test,,4,23,0.6226004920146946,-0.009450196606296708,0.05,0.48761604062241254,-0.00740132317813363,0.11,0.5037799222400133,0.49619128362743953,0.49619128362743953,0.5037799222400133,-0.6285026061230806,-1.231555329617769,2.2776570790665,-1.0452570213300894,0.9507552814687547,-0.00867472757573278,0.0005053569756942392,0.07435985439144799
random_test,,5,23,0.5834532717789531,0.03397228273926049,0.05,0.4486815363429698,0.026125033057152882,0.11,0.485250508649136,0.514326689814708,0.514326689814708,0.485250508649136,-0.6912212263034467,-1.368508581212644,2.4995456494330712,-1.139961248473867,0.8014805067723031,-0.009912445868480597,0.003564939310880196,-0.08483965820552268
random_test,,7,23,0.5968764379593128,0.05695505647157828,0.05,0.4624868821791486,0.044131355866443435,0.11,0.4756599691867998,0.5232089388697528,0.5232089388697528,0.4756599691867998,-0.5937780552385079,-1.3128217699197917,2.4115161286861695,-1.110069432791621,0.8835780412416079,-0.007482239479550346,0.0029194236057210297,0.06710526964602291
random_test,,8,23,0.6089850510316832,0.03497887412975867,0.05,0.47420719227117186,0.02723750552132455,0.11,0.48545250252378297,0.5141360401619366,0.5141360401619366,0.48545250252378297,-0.5910496171246381,-1.2764028761197905,2.3551501282953096,-1.0828599247150532,0.9115851290120229,0.005955663911056205,0.00702897090982749,-0.06728116863936356
random_test,,9,23,0.5907123970390499,-0.021190518134800794,0.05,0.455799176279417,-0.0163508007605565,0.11,0.508883522608007,0.4909557621803273,0.4909557621803273,0.508883522608007,-0.7543860354040766,-1.3411737242597617,2.4664965233432103,-1.1294912932077397,0.8368377881757412,0.008804417431396103,0.012634939706345657,-0.08329191598722374
random_test,,10,23,0.5849396281385142,-0.008862906361580054,0.05,0.4499551219845079,-0.006817643943449294,0.11,0.503773285314474,0.49619802196649426,0.49619802196649426,0.503773285314474,-0.7622042593567661,-1.3613254067100777,2.5058754323194643,-1.1456354468130416,0.8063472106094872,-0.001671195903365859,0.0027204043494357018,0.09282652723490098
random_test,,2,23,0.5984046349333587,-0.014497798803369995,0.05,0.4634442378230486,-0.011228056943923849,0.11,0.5060188509507259,0.4939078076751846,0.4939078076751846,0.5060188509507259,-0.7184212093583652,-1.3096268407827665,2.418649692417577,-1.109934825639963,0.8796195576895496,0.006616245445209614,-0.0056768062322429015,-0.07069527758496212
random_test,,3,23,0.5808445579801674,0.014419265498250372,0.05,0.4458861365480977,0.01106896930778452,0.11,0.49375676987301514,0.5061662298144419,0.5061662298144419,0.49375676987301514,-0.7507515803520459,-1.3687666007512844,2.5317668922470378,-1.1506492694219634,0.7837078676047818,-0.005966967801655957,0.0160663199498555,-0.06343096345105005
random_test,,4,23,0.6226004920146946,-0.009450196606296708,0.05,0.48761604062241254,-0.00740132317813363,0.11,0.5037799222400133,0.49619128362743953,0.49619128362743953,0.5037799222400133,-0.6253384565037187,-1.2333174827493092,2.2720602873530624,-1.0582218885887513,0.9494708099537185,-0.0031457687049836194,0.0005053569756942392,0.07435985439144799
random_test,,6,23,0.6382441136547374,-0.016464897782626983,0.05,0.5032890121219606,-0.012983436842458824,0.11,0.506406111623073,0.4935107396103956,0.4935107396103956,0.506406111623073,-0.5886241084751354,-1.1795546114314073,2.1790361326762744,-1.0130940368688244,1.0044649492510713,-0.0051114263394730665,0.010391464489741237,0.09874246256710494
random_test,,7,23,0.5968764379593128,0.05695505647157828,0.05,0.4624868821791486,0.044131355866443435,0.11,0.4756599691867998,0.5232089388697528,0.5232089388697528,0.4756599691867998,-0.5912312701147383,-1.3050494088797948,2.410426504056491,-1.1102505907563924,0.8716297591645861,-0.005983748314139432,0.0029194236057210297,0.06710526964602291
random_test,,8,23,0.6089850510316832,0.03497887412975867,0.05,0.47420719227117186,0.02723750552132455,0.11,0.48545250252378297,0.5141360401619366,0.5141360401619366,0.48545250252378297,-0.5952812819445377,-1.2622387786876124,2.356768451864725,-1.0838868800487145,0.9087229150503141,-0.00513470263632648,0.00702897090982749,-0.06728116863936356
random_test,,9,23,0.5907123970390499,-0.021190518134800794,0.05,0.455799176279417,-0.0163508007605565,0.11,0.508883522608007,0.4909557621803273,0.4909557621803273,0.508883522608007,-0.7541915339517624,-1.3351346251676894,2.4593071228261754,-1.1399709557213324,0.8320830072984655,-0.005686997470832319,0.012634939706345657,-0.08329191598722374
random_test,,10,23,0.5849396281385142,-0.008862906361580054,0.05,0.4499551219845079,-0.006817643943449294,0.11,0.503773285314474,0.49619802196649426,0.49619802196649426,0.503773285314474,-0.7645115588014832,-1.3612045771520727,2.5037293696285086,-1.139196085055063,0.8035121226621894,0.008770476165023517,0.0027204043494357018,0.09282652723490098
random_test,,1,23,0.6354919150975568,0.053832693359181255,0.05,0.5009736923229107,0.04243761803908393,0.11,0.4784328674605105,0.5206745541444421,0.5206745541444421,0.4784328674605105,-0.48703416490412593,-1.184367269196432,2.184888991129202,-1.0110383474543714,0.9931398911714968,0.0016906798109078372,0.015697333761943173,-0.060683064041145804
random_test,,2,23,0.5984046349333587,-0.014497798803369995,0.05,0.4634442378230486,-0.011228056943923849,0.11,0.5060188509507259,0.4939078076751846,0.4939078076751846,0.5060188509507259,-0.7113551831694429,-1.3132479586295953,2.411001752499777,-1.1058347367055796,0.8641466318695062,-0.003435373877440041,-0.0056768062322429015,-0.07069527758496212
random_test,,3,23,0.5808445579801674,0.014419265498250372,0.05,0.4458861365480977,0.01106896930778452,0.11,0.49375676987301514,0.5061662298144419,0.5061662298144419,0.49375676987301514,-0.750383748917571,-1.372268137351531,2.5196188361368743,-1.1494362431255205,0.7883578412076726,0.004096668609467919,0.0160663199498555,-0.06343096345105005
random_test,,4,23,0.6226004920146946,-0.009450196606296708,0.05,0.48761604062241254,-0.00740132317813363,0.11,0.5037799222400133,0.49619128362743953,0.49619128362743953,0.5037799222400133,-0.6202667251774949,-1.225049620468418,2.273754212320487,-1.0573051319803293,0.9568381998940386,0.00833155043438974,0.0005053569756942392,0.07435985439144799
random_test,,5,23,0.5834532717789531,0.03397228273926049,0.05,0.4486815363429698,0.026125033057152882,0.11,0.485250508649136,0.514326689814708,0.514326689814708,0.485250508649136,-0.6905830529902584,-1.3630369374830518,2.5093192764927035,-1.1515130921744368,0.8062206748946668,0.009354183636326825,0.003564939310880196,-0.08483965820552268
random_test,,7,23,0.5968764379593128,0.05695505647157828,0.05,0.4624868821791486,0.044131355866443435,0.11,0.4756599691867998,0.5232089388697528,0.5232089388697528,0.4756599691867998,-0.5945328392302729,-1.2951648122356578,2.40576475688694,-1.1041246856436233,0.869973036585249,0.0015715116736287273,0.0029194236057210297,0.06710526964602291
random_test,,8,23,0.6089850510316832,0.03497887412975867,0.05,0.47420719227117186,0.02723750552132455,0.11,0.48545250252378297,0.5141360401619366,0.5141360401619366,0.48545250252378297,-0.5936531609825819,-1.2728586963565582,2.3469379592919744,-1.085832649186913,0.9110772301425489,-0.0036128614617996304,0.00702897090982749,-0.06728116863936356
random_test,,10,23,0.5849396281385142,-0.008862906361580054,0.05,0.4499551219845079,-0.006817643943449294,0.11,0.503773285314474,0.49619802196649426,0.49619802196649426,0.503773285314474,-0.7646070887739362,-1.3664796535239692,2.4965422512757613,-1.1531764026079268,0.8045967035227248,-0.003848071021367709,0.0027204043494357018,0.09282652723490098
random_test,1785835781878410402,4,23,0.6226004920146946,-0.009450196606296708,0.05,0.48761604062241254,-0.00740132317813363,0.11,0.5037799222400133,0.49619128362743953,0.49619128362743953,0.5037799222400133,-0.6145631609262385,-1.2310291805486913,2.2729460366065384,-1.0545176996432728,0.9674070024963,0.000537948276262939,0.0005053569756942392,0.07435985439144799
random_test,1785835802797576586,5,23,0.5834532717789531,0.03397228273926049,0.05,0.4486815363429698,0.026125033057152882,0.11,0.485250508649136,0.514326689814708,0.514326689814708,0.485250508649136,-0.6932401760216325,-1.365638386259336,2.499277916241104,-1.1511551481214861,0.8021215828995099,0.004357868062663781,0.003564939310880196,-0.08483965820552268
random_test,1785835823325917083,6,23,0.6382441136547374,-0.016464897782626983,0.05,0.5032890121219606,-0.012983436842458824,0.11,0.506406111623073,0.4935107396103956,0.4935107396103956,0.506406111623073,-0.5808875253165583,-1.1815611658845682,2.1798071285219884,-1.0110967766632022,1.0002622629558275,-0.0031748721097370706,0.010391464489741237,0.09874246256710494
random_test,1785835871588126545,9,23,0.5907123970390499,-0.021190518134800794,0.05,0.455799176279417,-0.0163508007605565,0.11,0.508883522608007,0.4909557621803273,0.4909557621803273,0.508883522608007,-0.767494755784105,-1.342470349816272,2.463021611065231,-1.12434049824272,0.8339790136630766,-0.005464910338459977,0.012634939706345657,-0.08329191598722374
random_test,1785835892859763553,10,23,0.5849396281385142,-0.008862906361580054,0.05,0.4499551219845079,-0.006817643943449294,0.11,0.503773285314474,0.49619802196649426,0.49619802196649426,0.503773285314474,-0.7608054338738053,-1.3659767655418877,2.4935400130852843,-1.1474876883382017,0.817507802307797,0.0013183243093849999,0.0027204043494357018,0.09282652723490098
random_test,1785902815862902316,2,23,0.5984046349333587,-0.014497798803369995,0.05,0.4634442378230486,-0.011228056943923849,0.11,0.5060188509507259,0.4939078076751846,0.4939078076751846,0.5060188509507259,-0.5671364659324444,-1.2698533404104282,2.4272075733337974,-1.1879344095499358,1.1079590709312699,0.05839674866798928,-0.0056768062322429015,-0.07069527758496212
send_goal,1785903439686281033,,,0.62,0.0,0.05,0.485,0.0,0.11,0.5,0.5,0.5,0.5,-0.6190857578945798,-1.2385208993969357,2.2885656582579763,-1.056601718990429,0.947908926472534,0.0030249757417706714,-0.015931595150471954,0.0856333777766376
send_goal,1785914502939390845,,,0.62,0.0,0.05,0.485,0.0,0.11,0.5,0.5,0.5,0.5,-0.6121109153075094,-1.2418629214023915,2.301368952645107,-1.0563658103381461,0.9431684662979882,0.001736728529757526,-0.014831293693946868,-0.06067484162321746
random_test,1785914631848531520,2,23,0.5984046349333587,-0.014497798803369995,0.05,0.4634442378230486,-0.011228056943923849,0.11,0.5060188509507259,0.4939078076751846,0.4939078076751846,0.5060188509507259,-0.7205292565821643,-1.314964714363055,2.4109049462481926,-1.1082160822277982,0.8798976231232725,0.00021905296004113276,-0.0056768062322429015,-0.07069527758496212
random_test,1785914665237725634,4,23,0.6226004920146946,-0.009450196606296708,0.05,0.48761604062241254,-0.00740132317813363,0.11,0.5037799222400133,0.49619128362743953,0.49619128362743953,0.5037799222400133,-0.6146850911897321,-1.2253817939275913,2.2751009868266774,-1.0462435730153266,0.9497821757812064,0.002536939595824727,0.0005053569756942392,0.07435985439144799
random_test,1785914687641384458,5,23,0.5834532717789531,0.03397228273926049,0.05,0.4486815363429698,0.026125033057152882,0.11,0.485250508649136,0.514326689814708,0.514326689814708,0.485250508649136,-0.6904619845940596,-1.3638919065924269,2.4975987684846497,-1.147582863118333,0.8022930513442752,0.003990122931142466,0.003564939310880196,-0.08483965820552268
random_test,1785914709827369781,6,23,0.6382441136547374,-0.016464897782626983,0.05,0.5032890121219606,-0.012983436842458824,0.11,0.506406111623073,0.4935107396103956,0.4935107396103956,0.506406111623073,-0.5827481335718747,-1.1837678902117073,2.1848857155675265,-1.0163225966204419,0.9951493628136135,-0.0012618709625149287,0.010391464489741237,0.09874246256710494
random_test,1785914729865838923,7,23,0.5968764379593128,0.05695505647157828,0.05,0.4624868821791486,0.044131355866443435,0.11,0.4756599691867998,0.5232089388697528,0.5232089388697528,0.4756599691867998,-0.5865601939210372,-1.311249529407574,2.408923399682836,-1.1209058022336997,0.8792755488612729,0.005546186141288115,0.0029194236057210297,0.06710526964602291
random_test,1785914764431471171,9,23,0.5907123970390499,-0.021190518134800794,0.05,0.455799176279417,-0.0163508007605565,0.11,0.508883522608007,0.4909557621803273,0.4909557621803273,0.508883522608007,-0.7556145318493578,-1.3425045041962138,2.460191698053825,-1.1266399368223645,0.8377903087431651,-0.0061478742857866,0.012634939706345657,-0.08329191598722374
random_test,1785914789865093368,10,23,0.5849396281385142,-0.008862906361580054,0.05,0.4499551219845079,-0.006817643943449294,0.11,0.503773285314474,0.49619802196649426,0.49619802196649426,0.503773285314474,-0.7693723350577114,-1.3660542577149064,2.5041452409985245,-1.1374197655778473,0.8173398307867746,0.006174344768020241,0.0027204043494357018,0.09282652723490098
random_test,1785919793993837011,1,23,0.6354919150975568,0.053832693359181255,0.05,0.5009736923229107,0.04243761803908393,0.11,0.4784328674605105,0.5206745541444421,0.5206745541444421,0.4784328674605105,-0.47776864115380374,-1.1838799518018523,2.182227070946151,-1.0129222071887405,0.9948785432869858,-0.006467283757427962,0.015697333761943173,-0.060683064041145804
random_test,1785919842040132609,4,23,0.6226004920146946,-0.009450196606296708,0.05,0.48761604062241254,-0.00740132317813363,0.11,0.5037799222400133,0.49619128362743953,0.49619128362743953,0.5037799222400133,-0.624682532446033,-1.2218725861781148,2.27421443422465,-1.0489359296634184,0.951497474001277,0.0025663167783350313,0.0005053569756942392,0.07435985439144799
random_test,1785919863167198892,5,23,0.5834532717789531,0.03397228273926049,0.05,0.4486815363429698,0.026125033057152882,0.11,0.485250508649136,0.514326689814708,0.514326689814708,0.485250508649136,-0.6906454103376921,-1.3627912428015045,2.5030493244024,-1.152088729399398,0.8088411357768929,0.003138044948139962,0.003564939310880196,-0.08483965820552268
random_test,1785919883021374997,6,23,0.6382441136547374,-0.016464897782626983,0.05,0.5032890121219606,-0.012983436842458824,0.11,0.506406111623073,0.4935107396103956,0.4935107396103956,0.506406111623073,-0.5907222670590817,-1.185127661503878,2.1776002631283964,-1.0175204661527557,0.996582939169662,0.0005311948569673753,0.010391464489741237,0.09874246256710494
random_test,1785919902664415532,7,23,0.5968764379593128,0.05695505647157828,0.05,0.4624868821791486,0.044131355866443435,0.11,0.4756599691867998,0.5232089388697528,0.5232089388697528,0.4756599691867998,-0.6014969928717261,-1.3137850607741846,2.4104981846190303,-1.1131227189082549,0.8700912659550996,-0.006051645389031396,0.0029194236057210297,0.06710526964602291
random_test,1785919922348705664,8,23,0.6089850510316832,0.03497887412975867,0.05,0.47420719227117186,0.02723750552132455,0.11,0.48545250252378297,0.5141360401619366,0.5141360401619366,0.48545250252378297,-0.5941131883312848,-1.2748374953943031,2.346653630451477,-1.0845106197659062,0.919496061363055,0.005755432836619698,0.00702897090982749,-0.06728116863936356
random_test,1785919942254556706,9,23,0.5907123970390499,-0.021190518134800794,0.05,0.455799176279417,-0.0163508007605565,0.11,0.508883522608007,0.4909557621803273,0.4909557621803273,0.508883522608007,-0.7536477577972853,-1.3353499530632005,2.464023624824174,-1.127971842466335,0.8410744628054003,0.007942206521584373,0.012634939706345657,-0.08329191598722374
random_test,1785919965142153090,10,23,0.5849396281385142,-0.008862906361580054,0.05,0.4499551219845079,-0.006817643943449294,0.11,0.503773285314474,0.49619802196649426,0.49619802196649426,0.503773285314474,-0.762782890348259,-1.3491594061727616,2.494879465079056,-1.1440094454943963,0.8041735940825269,-0.009562836623646093,0.0027204043494357018,0.09282652723490098
random_test,1785920000158882072,1,23,0.6354919150975568,0.053832693359181255,0.05,0.5009736923229107,0.04243761803908393,0.11,0.4784328674605105,0.5206745541444421,0.5206745541444421,0.4784328674605105,-0.4732325115687348,-1.182546075236133,2.187928565300712,-1.0058558315977242,1.0071638007099417,0.005989934246715626,0.015697333761943173,-0.060683064041145804
random_test,1785920020416838406,2,23,0.5984046349333587,-0.014497798803369995,0.05,0.4634442378230486,-0.011228056943923849,0.11,0.5060188509507259,0.4939078076751846,0.4939078076751846,0.5060188509507259,-0.7144960344854298,-1.3158114845371167,2.410243630895045,-1.11267881231073,0.8666619418172987,-0.007268134925188031,-0.0056768062322429015,-0.07069527758496212
random_test,1785920040406277656,3,23,0.5808445579801674,0.014419265498250372,0.05,0.4458861365480977,0.01106896930778452,0.11,0.49375676987301514,0.5061662298144419,0.5061662298144419,0.49375676987301514,-0.745201066317364,-1.36613763539127,2.5242863835176714,-1.1475959566293512,0.789669752560307,0.006093809529226553,0.0160663199498555,-0.06343096345105005
random_test,1785920060231685225,4,23,0.6226004920146946,-0.009450196606296708,0.05,0.48761604062241254,-0.00740132317813363,0.11,0.5037799222400133,0.49619128362743953,0.49619128362743953,0.5037799222400133,-0.6258544674045319,-1.2332181620126301,2.271938508388874,-1.0500941337253027,0.9518057067556055,-0.008743572088597731,0.0005053569756942392,0.07435985439144799
random_test,1785920080438376424,5,23,0.5834532717789531,0.03397228273926049,0.05,0.4486815363429698,0.026125033057152882,0.11,0.485250508649136,0.514326689814708,0.514326689814708,0.485250508649136,-0.7011721118149156,-1.3643118648345276,2.49952200198461,-1.1555812103800396,0.8022740692018094,0.00780193324898016,0.003564939310880196,-0.08483965820552268
random_test,1785920106248467046,6,23,0.6382441136547374,-0.016464897782626983,0.05,0.5032890121219606,-0.012983436842458824,0.11,0.506406111623073,0.4935107396103956,0.4935107396103956,0.506406111623073,-0.5805602914794792,-1.1857992141122484,2.182606344991293,-1.0180780682800898,0.9961208194032088,-0.009185338390117852,0.010391464489741237,0.09874246256710494
random_test,1785920125998709011,7,23,0.5968764379593128,0.05695505647157828,0.05,0.4624868821791486,0.044131355866443435,0.11,0.4756599691867998,0.5232089388697528,0.5232089388697528,0.4756599691867998,-0.5933557090721606,-1.3083287493762057,2.4062390755497156,-1.1212455985457854,0.8717402860451381,-0.0033067793300685868,0.0029194236057210297,0.06710526964602291
random_test,1785920146008408770,8,23,0.6089850510316832,0.03497887412975867,0.05,0.47420719227117186,0.02723750552132455,0.11,0.48545250252378297,0.5141360401619366,0.5141360401619366,0.48545250252378297,-0.5845536698252686,-1.2757738006642831,2.356736642712888,-1.086840581771012,0.9109154107161761,-0.008219824229335435,0.00702897090982749,-0.06728116863936356
random_test,1785920166589628920,9,23,0.5907123970390499,-0.021190518134800794,0.05,0.455799176279417,-0.0163508007605565,0.11,0.508883522608007,0.4909557621803273,0.4909557621803273,0.508883522608007,-0.7535757080311343,-1.333206567918377,2.458815943307924,-1.1282712823347163,0.8346187411335643,-0.0011887140659787385,0.012634939706345657,-0.08329191598722374
random_test,1785920187187612946,10,23,0.5849396281385142,-0.008862906361580054,0.05,0.4499551219845079,-0.006817643943449294,0.11,0.503773285314474,0.49619802196649426,0.49619802196649426,0.503773285314474,-0.7678196127936291,-1.3657287597858034,2.4952901936896636,-1.1454372565683935,0.8056057833114577,0.0029243593773138833,0.0027204043494357018,0.09282652723490098
send_goal,1785922721082758326,,,0.62,0.0,0.05,0.485,0.0,0.11,0.5,0.5,0.5,0.5,-0.6103255683598214,-1.2311064093077464,2.2959405637124792,-1.0561334697720464,0.942113745378862,-0.0028820150260125154,0.0008472312165237993,-0.07554277237819056
send_goal,1785988856326717877,,,0.62,0.0,0.05,0.485,0.0,0.11,0.5,0.5,0.5,0.5,-0.6098989519710701,-1.2423679956356062,2.2867868367657773,-1.0569385808892444,0.940970349918221,0.0005865149961930551,0.01380221907557468,0.08244074288928178
random_test,1785989313491711300,1,23,0.6354919150975568,0.053832693359181255,0.05,0.5009736923229107,0.04243761803908393,0.11,0.4784328674605105,0.5206745541444421,0.5206745541444421,0.4784328674605105,-0.4723885145144245,-1.1846781149221666,2.1801815250197762,-1.0143084486723484,0.9958392905951141,0.004523231532026792,0.015697333761943173,-0.060683064041145804
random_test,1785989333197334368,2,23,0.5984046349333587,-0.014497798803369995,0.05,0.4634442378230486,-0.011228056943923849,0.11,0.5060188509507259,0.4939078076751846,0.4939078076751846,0.5060188509507259,-0.7091712898455939,-1.3143657733091614,2.4239314059388293,-1.1153644885688367,0.8702600773065111,0.008893372640590489,-0.0056768062322429015,-0.07069527758496212
random_test,1785993074485347286,2,23,0.5984046349333587,-0.014497798803369995,0.05,0.4634442378230486,-0.011228056943923849,0.11,0.5060188509507259,0.4939078076751846,0.4939078076751846,0.5060188509507259,-0.7132047538356074,-1.302690421342182,2.4193428652099733,-1.1070177910526315,0.86422893222369,-0.0005677665751716741,-0.0056768062322429015,-0.07069527758496212
random_test,1785993094314591517,3,23,0.5808445579801674,0.014419265498250372,0.05,0.4458861365480977,0.01106896930778452,0.11,0.49375676987301514,0.5061662298144419,0.5061662298144419,0.49375676987301514,-0.7487227058801864,-1.377830667037295,2.5332657218447645,-1.1492183203624207,0.7861645869970953,-0.0007478146181608486,0.0160663199498555,-0.06343096345105005
random_test,1785993114903776781,4,23,0.6226004920146946,-0.009450196606296708,0.05,0.48761604062241254,-0.00740132317813363,0.11,0.5037799222400133,0.49619128362743953,0.49619128362743953,0.5037799222400133,-0.6168233129746407,-1.233149287716593,2.269643276107975,-1.0624683785292748,0.9588906769551719,-0.0013439290888166895,0.0005053569756942392,0.07435985439144799
random_test,1785993140171679873,5,23,0.5834532717789531,0.03397228273926049,0.05,0.4486815363429698,0.026125033057152882,0.11,0.485250508649136,0.514326689814708,0.514326689814708,0.485250508649136,-0.6994998297875455,-1.3609485014228164,2.4995966094544007,-1.142188938268517,0.8058115808749904,-0.009136345470375675,0.003564939310880196,-0.08483965820552268
random_test,1786333478126788404,1,23,0.6354919150975568,0.053832693359181255,0.05,0.5009736923229107,0.04243761803908393,0.11,0.4784328674605105,0.5206745541444421,0.5206745541444421,0.4784328674605105,-0.4789745249602668,-1.1798269837212714,2.181850180356503,-1.0076291130138784,1.0048736510963416,-0.007652833985964174,0.015697333761943173,-0.060683064041145804
random_test,1786333499501924978,2,23,0.5984046349333587,-0.014497798803369995,0.05,0.4634442378230486,-0.011228056943923849,0.11,0.5060188509507259,0.4939078076751846,0.4939078076751846,0.5060188509507259,-0.7097152801430858,-1.3085965630936929,2.4151109949174456,-1.110067096530545,0.8656232482256027,-0.003745406187425187,-0.0056768062322429015,-0.07069527758496212
random_test,1786344129932998060,2,23,0.5984046349333587,-0.014497798803369995,0.05,0.4634442378230486,-0.011228056943923849,0.11,0.5060188509507259,0.4939078076751846,0.4939078076751846,0.5060188509507259,-0.7256575744021831,-1.3068612067695673,2.422410223103104,-1.1076220355866793,0.8652488454512649,-0.009509941248484503,-0.0056768062322429015,-0.07069527758496212
random_test,1786344149818328776,3,23,0.5808445579801674,0.014419265498250372,0.05,0.4458861365480977,0.01106896930778452,0.11,0.49375676987301514,0.5061662298144419,0.5061662298144419,0.49375676987301514,-0.7491941860498451,-1.3766968555503198,2.5336836860280076,-1.1472732440937405,0.7901237880098047,-0.002240887050798433,0.0160663199498555,-0.06343096345105005
random_test,1786344169532556667,4,23,0.6226004920146946,-0.009450196606296708,0.05,0.48761604062241254,-0.00740132317813363,0.11,0.5037799222400133,0.49619128362743953,0.49619128362743953,0.5037799222400133,-0.6167749289964813,-1.2360264239437515,2.283342346312324,-1.044600346200447,0.9577788754677241,-0.0014400322613693907,0.0005053569756942392,0.07435985439144799
random_test,1786344189572147786,5,23,0.5834532717789531,0.03397228273926049,0.05,0.4486815363429698,0.026125033057152882,0.11,0.485250508649136,0.514326689814708,0.514326689814708,0.485250508649136,-0.6974324586457913,-1.358525176013562,2.5064195906783246,-1.1406559663989726,0.8015121639011578,0.0019756470617102785,0.003564939310880196,-0.08483965820552268
random_test,1786344210968082618,6,23,0.6382441136547374,-0.016464897782626983,0.05,0.5032890121219606,-0.012983436842458824,0.11,0.506406111623073,0.4935107396103956,0.4935107396103956,0.506406111623073,-0.5846212377376184,-1.1837735944048728,2.1786885090122547,-1.0157099243240455,1.0007234828465412,-0.00623572625503517,0.010391464489741237,0.09874246256710494
random_test,1786344244132051729,8,23,0.6089850510316832,0.03497887412975867,0.05,0.47420719227117186,0.02723750552132455,0.11,0.48545250252378297,0.5141360401619366,0.5141360401619366,0.48545250252378297,-0.5912464304151851,-1.2736080685920783,2.3479542184036384,-1.080994462130596,0.9101506547066726,-0.00375778580541321,0.00702897090982749,-0.06728116863936356
random_test,1786344263974015903,9,23,0.5907123970390499,-0.021190518134800794,0.05,0.455799176279417,-0.0163508007605565,0.11,0.508883522608007,0.4909557621803273,0.4909557621803273,0.508883522608007,-0.7524504772495663,-1.3446401254263953,2.4597760514530354,-1.141488768956269,0.834893051394908,0.001903013375739914,0.012634939706345657,-0.08329191598722374
random_test,1786344284878539181,10,23,0.5849396281385142,-0.008862906361580054,0.05,0.4499551219845079,-0.006817643943449294,0.11,0.503773285314474,0.49619802196649426,0.49619802196649426,0.503773285314474,-0.7635848610627008,-1.3673935520131884,2.4979424121270415,-1.1397715301038107,0.8090705982845977,-0.008177516212583674,0.0027204043494357018,0.09282652723490098
send_goal,1786345024777565321,,,0.62,0.0,0.05,0.485,0.0,0.11,0.5,0.5,0.5,0.5,-0.6088674993655904,-1.234697192915639,2.2989999923203905,-1.0613234767562112,0.9411421879347219,0.006324544227095704,-0.0001910659248544333,-0.07719090169348239
random_test,1786349149776003826,2,23,0.5984046349333587,-0.014497798803369995,0.05,0.4634442378230486,-0.011228056943923849,0.11,0.5060188509507259,0.4939078076751846,0.4939078076751846,0.5060188509507259,-0.7100864038996161,-1.314979641945762,2.4223568010220182,-1.1087780856703442,0.877520138255145,-0.007649657678596197,-0.0056768062322429015,-0.07069527758496212
random_test,1786349169594230060,3,23,0.5808445579801674,0.014419265498250372,0.05,0.4458861365480977,0.01106896930778452,0.11,0.49375676987301514,0.5061662298144419,0.5061662298144419,0.49375676987301514,-0.7425676268329846,-1.3715778855867866,2.522294493356618,-1.1452978937847953,0.7841167383825808,0.008528706970236596,0.0160663199498555,-0.06343096345105005
random_test,1786349191164922150,4,23,0.6226004920146946,-0.009450196606296708,0.05,0.48761604062241254,-0.00740132317813363,0.11,0.5037799222400133,0.49619128362743953,0.49619128362743953,0.5037799222400133,-0.6157704452402744,-1.2311990538859112,2.2755858813321868,-1.0511872587978073,0.9644466906245539,-0.005990850356301397,0.0005053569756942392,0.07435985439144799
random_test,1786349212601815550,5,23,0.5834532717789531,0.03397228273926049,0.05,0.4486815363429698,0.026125033057152882,0.11,0.485250508649136,0.514326689814708,0.514326689814708,0.485250508649136,-0.6913528518530013,-1.3614914023361782,2.5021268268698087,-1.1513969030527067,0.8073477630145351,-0.00018957298517518052,0.003564939310880196,-0.08483965820552268
random_test,1786349233388728335,6,23,0.6382441136547374,-0.016464897782626983,0.05,0.5032890121219606,-0.012983436842458824,0.11,0.506406111623073,0.4935107396103956,0.4935107396103956,0.506406111623073,-0.5858490067104587,-1.1812774421180274,2.1842417174146878,-1.004170669895643,1.0038353752700835,-0.002884406898174027,0.010391464489741237,0.09874246256710494
random_test,1786349253048060680,7,23,0.5968764379593128,0.05695505647157828,0.05,0.4624868821791486,0.044131355866443435,0.11,0.4756599691867998,0.5232089388697528,0.5232089388697528,0.4756599691867998,-0.5896845269043464,-1.312429929730147,2.4104374133759046,-1.1177398182584528,0.8805064257573587,-0.001942128959814583,0.0029194236057210297,0.06710526964602291
random_test,1786349286383940932,9,23,0.5907123970390499,-0.021190518134800794,0.05,0.455799176279417,-0.0163508007605565,0.11,0.508883522608007,0.4909557621803273,0.4909557621803273,0.508883522608007,-0.7539512055205011,-1.344691183667657,2.4732461309203853,-1.142247999762315,0.8369773222975762,0.003080502765009025,0.012634939706345657,-0.08329191598722374
random_test,1786349825375604031,1,23,0.6354919150975568,0.053832693359181255,0.05,0.5009736923229107,0.04243761803908393,0.11,0.4784328674605105,0.5206745541444421,0.5206745541444421,0.4784328674605105,-0.47313599517303234,-1.1820162907001892,2.1834844788240684,-1.0192781048828026,0.9947321927752975,-0.005265251260746603,0.015697333761943173,-0.060683064041145804
random_test,1786349845177291242,2,23,0.5984046349333587,-0.014497798803369995,0.05,0.4634442378230486,-0.011228056943923849,0.11,0.5060188509507259,0.4939078076751846,0.4939078076751846,0.5060188509507259,-0.7130325843276578,-1.314567037771982,2.4113814759381595,-1.1219165543362422,0.8753888627271164,0.009493118965536632,-0.0056768062322429015,-0.07069527758496212
random_test,1786349864859612007,3,23,0.5808445579801674,0.014419265498250372,0.05,0.4458861365480977,0.01106896930778452,0.11,0.49375676987301514,0.5061662298144419,0.5061662298144419,0.49375676987301514,-0.7494863233101152,-1.3667849658618672,2.5285630295931334,-1.1485153356934752,0.784415604301221,0.009009444959628585,0.0160663199498555,-0.06343096345105005
random_test,1786349886497451380,4,23,0.6226004920146946,-0.009450196606296708,0.05,0.48761604062241254,-0.00740132317813363,0.11,0.5037799222400133,0.49619128362743953,0.49619128362743953,0.5037799222400133,-0.6206232818622711,-1.229680012221894,2.268481525082989,-1.045547982245881,0.9530954575109255,-0.00857362837033123,0.0005053569756942392,0.07435985439144799
random_test,1786349909221743445,5,23,0.5834532717789531,0.03397228273926049,0.05,0.4486815363429698,0.026125033057152882,0.11,0.485250508649136,0.514326689814708,0.514326689814708,0.485250508649136,-0.7080618843022023,-1.358919288289929,2.4990985371864958,-1.1431439685142368,0.8004352752096877,-0.009619198549622652,0.003564939310880196,-0.08483965820552268
send_goal,1786439736602355277,,,0.62,0.0,0.05,0.485,0.0,0.11,0.5,0.5,0.5,0.5,-0.6211694436408176,-1.243159390006,2.2886230694882412,-1.0696555625875912,0.9450442424909251,0.004314251061509529,-0.001344221357998488,0.06021840597272389
random_test,1786441490567478303,2,23,0.5984046349333587,-0.014497798803369995,0.05,0.4634442378230486,-0.011228056943923849,0.11,0.5060188509507259,0.4939078076751846,0.4939078076751846,0.5060188509507259,-0.7108106491843595,-1.317397872234522,2.4127569239121196,-1.1232148629224157,0.8664462921421204,-0.003641071681487224,-0.0056768062322429015,-0.07069527758496212
random_test,1786441524458788409,4,23,0.6226004920146946,-0.009450196606296708,0.05,0.48761604062241254,-0.00740132317813363,0.11,0.5037799222400133,0.49619128362743953,0.49619128362743953,0.5037799222400133,-0.6161051041640347,-1.2205414175377094,2.2751882427268963,-1.0469784710033285,0.9521838842279912,0.005244536079555104,0.0005053569756942392,0.07435985439144799
random_test,1786441545147944792,5,23,0.5834532717789531,0.03397228273926049,0.05,0.4486815363429698,0.026125033057152882,0.11,0.485250508649136,0.514326689814708,0.514326689814708,0.485250508649136,-0.6917876253259144,-1.3620497689453663,2.5017769629280115,-1.1427069221380577,0.8071248148302179,0.003961742800921323,0.003564939310880196,-0.08483965820552268
random_test,1786441565155820365,6,23,0.6382441136547374,-0.016464897782626983,0.05,0.5032890121219606,-0.012983436842458824,0.11,0.506406111623073,0.4935107396103956,0.4935107396103956,0.506406111623073,-0.597536497024802,-1.1843472248456626,2.180648454519881,-1.0093325310863919,0.9943936979847195,-0.00395165835887762,0.010391464489741237,0.09874246256710494
random_test,1786441584799144948,7,23,0.5968764379593128,0.05695505647157828,0.05,0.4624868821791486,0.044131355866443435,0.11,0.4756599691867998,0.5232089388697528,0.5232089388697528,0.4756599691867998,-0.5898083043554294,-1.311511512164884,2.4228655780461645,-1.1138215354691376,0.8728024907355171,0.0028295135776196974,0.0029194236057210297,0.06710526964602291
random_test,1786441604776751303,8,23,0.6089850510316832,0.03497887412975867,0.05,0.47420719227117186,0.02723750552132455,0.11,0.48545250252378297,0.5141360401619366,0.5141360401619366,0.48545250252378297,-0.597121390729641,-1.2742685927913107,2.3518380044837714,-1.0781331446756788,0.9074844897896047,0.0009897223159131326,0.00702897090982749,-0.06728116863936356
random_test,1786441624828714138,9,23,0.5907123970390499,-0.021190518134800794,0.05,0.455799176279417,-0.0163508007605565,0.11,0.508883522608007,0.4909557621803273,0.4909557621803273,0.508883522608007,-0.765239554002946,-1.3399906983104055,2.4563170901738083,-1.1241784470555682,0.8467643396746158,-0.0029738828052077206,0.012634939706345657,-0.08329191598722374
random_test,1786441645450000843,10,23,0.5849396281385142,-0.008862906361580054,0.05,0.4499551219845079,-0.006817643943449294,0.11,0.503773285314474,0.49619802196649426,0.49619802196649426,0.503773285314474,-0.7704370667965252,-1.3650104174716218,2.497828598708491,-1.1474833016168473,0.8132238691890654,-0.0030797565510498697,0.0027204043494357018,0.09282652723490098
send_goal,1786506655929567598,,,0.62,0.0,0.05,0.485,0.0,0.11,0.5,0.5,0.5,0.5,-0.6154684969204445,-1.2347953355929324,2.2999831170642837,-1.0574115494603487,0.9482971430261747,-0.009901735689781697,0.01473477303120772,0.06497863553783442
send_goal,1786506762273601868,,,0.62,0.0,0.05,0.485,0.0,0.11,0.5,0.5,0.5,0.5,-0.6251797195065036,-1.2338681384907488,2.2897403268590515,-1.0543033966001385,0.9427932915566668,-0.0060636166503355154,-0.009971873984592832,-0.09724458406688039
send_goal,1786528903601254053,,,0.62,0.0,0.05,0.485,0.0,0.11,0.5,0.5,0.5,0.5,-0.6133040866263395,-1.2437375517880551,2.2924596668532025,-1.053634157380111,0.9519858845698655,-0.004856358928740624,0.03538373720668048,-0.40178881203396255
send_goal,1786528951314920054,,,0.62,0.0,0.05,0.485,0.0,0.11,0.5,0.5,0.5,0.5,-0.6111760044173103,-1.23881684843809,2.2979206842907947,-1.0561862797039852,0.9452987591372995,0.005789995506698461,-0.03281593262328619,-0.48577150975807226
send_goal,1786529019839263767,,,0.62,0.0,0.05,0.485,0.0,0.11,0.5,0.5,0.5,0.5,-0.6086495365498699,-1.238354412539457,2.30078597610605,-1.052712184287244,0.941634568370759,0.004354838546588211,-0.02784344528600005,-0.44598378266631433
send_goal,1786529343676560044,,,0.62,0.0,0.05,0.485,0.0,0.11,0.5,0.5,0.5,0.5,-0.6163894586840564,-1.2386654723468482,2.284149577040321,-1.0615458313667918,0.9421904900839193,0.0006781173265524108,-0.11053098523606836,-0.44571781619691864
send_goal,1786529643314538552,,,0.62,0.0,0.05,0.485,0.0,0.11,0.5,0.5,0.5,0.5,-0.6153784431962906,-1.230101426044447,2.284835750004341,-1.0581298112578492,0.9408806653652289,0.0059299577761936905,-0.10765253190438143,-0.4079481329416331
send_goal,1786529737221543656,,,0.62,0.0,0.05,0.485,0.0,0.11,0.5,0.5,0.5,0.5,-0.61022105229933,-1.2368052090277717,2.2894574385882924,-1.0594346280686013,0.9508460145523312,-0.0038789563078785775,-0.08843091342151688,-0.4772524846234262
send_goal,1786529974261602510,,,0.62,0.0,0.05,0.485,0.0,0.11,0.5,0.5,0.5,0.5,-0.6119163656280218,-1.2447184540335714,2.2829419993226914,-1.0518909306605722,0.9414591778911353,-0.004044273745269377,-0.12056997222034593,-0.4448053434540342
send_goal,1786530055758601869,,,0.62,0.0,0.05,0.485,0.0,0.11,0.5,0.5,0.5,0.5,-0.6155027769392215,-1.2441657839143558,2.286112408450562,-1.0531290108413458,0.9489791866702926,-0.008049642893019614,-0.15279181469354028,-0.4963176081001618
send_goal,1786530143870796111,,,0.62,0.0,0.05,0.485,0.0,0.11,0.5,0.5,0.5,0.5,-0.6164965223685355,-1.240478890938503,2.2877236320453473,-1.0710430555916413,0.9442111678786613,0.005324539119756748,-0.0514265004046664,0.41896890958385524
